		kidnapping	dowry	assult	insult to modesty	cruelty by husband
1	rape	0.7766532758	0.7064462224	0.9105230986	0.4730075384	0.7820276305
2	kidnapping		0.7913414904	0.6663756566	0.3680075969	0.7460022187
3	dowry			0.6128004797	0.5177908974	0.5942551767
4	assult				0.5903193659	0.744117029
5	insult to modesty					0.5535748272
