"","Year","V5","V6","V7","crulity_by_husband"
"1",2016,4064256,8193540096,16518176833536,130.101098906249
"2",2017,4068289,8205738913,16550975387521,146.74065934727
"3",2018,4072324,8217949832,16583822760976,165.039560447447
"4",2019,4076361,8230172859,16616719002321,184.997802207246
