"","Year","V5","V6","V7","crulity_by_husband"
"1",2016,4064256,8193540096,16518176833536,35.6406593410611
"2",2017,4068289,8205738913,16550975387521,36.4942307697675
"3",2018,4072324,8217949832,16583822760976,37.3354395611204
"4",2019,4076361,8230172859,16616719002321,38.1642857151237
