"","Year","V5","V6","V7","crulity_by_husband"
"1",2016,4064256,8193540096,16518176833536,18.9725274754164
"2",2017,4068289,8205738913,16550975387521,15.9876373664883
"3",2018,4072324,8217949832,16583822760976,12.8969780268671
"4",2019,4076361,8230172859,16616719002321,9.70054945649463
